network,ranks,path,cases,gpu_cases,cpu_cases,retried_on_cpu,retry_reasons,batch,submissions,engine_s,occupancy_pct,classify_s,plan_s,phase Jacobian (s),phase Q limits (s),phase exchange (s),phase factor (s),phase materialize (s),phase mismatch (s),phase solve (s),phase update (s),GPU busy share of case loop (%),engine ms per GPU case,factor time per multiply-add per case (ns),iteration histogram
MemphisCase2026_Mar7,8,Alg 2,1570,1568,2,174,"gpu_diverged 174, islanded 1, reference_isolated 1",512,1,0.6790,31.6000,0.0020,0.0240,0.0280,0.0000,0.0040,0.4300,0.0030,0.0250,0.1700,0.0060,24.6990,0.4330,1.8574,0:2 1:69 2:1025 3:284 4:12 5:2
MemphisCase2026_Mar7,8,cuDSS,1570,1568,2,173,"gpu_diverged 173, islanded 1, reference_isolated 1",512,1,0.9100,31.6000,0.0020,0.1550,0.0270,0.0000,0.0040,0.5510,0.0030,0.0250,0.2830,0.0060,30.6826,0.5804,2.3801,0:2 1:69 2:1025 3:284 4:12 5:2 >10:1
MemphisCase2026_Mar7,16,Alg 2,1570,1568,2,174,"gpu_diverged 174, islanded 1, reference_isolated 1",512,1,0.6760,31.6000,0.0020,0.0230,0.0280,0.0000,0.0040,0.4310,0.0030,0.0260,0.1670,0.0060,29.9168,0.4311,1.8618,0:2 1:69 2:1025 3:284 4:12 5:2
MemphisCase2026_Mar7,16,cuDSS,1570,1568,2,173,"gpu_diverged 173, islanded 1, reference_isolated 1",512,1,0.9120,31.6000,0.0020,0.1560,0.0280,0.0000,0.0040,0.5530,0.0030,0.0250,0.2810,0.0060,36.4530,0.5816,2.3888,0:2 1:69 2:1025 3:284 4:12 5:2 >10:1
MemphisCase2026_Mar7,20,Alg 2,1570,1568,2,174,"gpu_diverged 174, islanded 1, reference_isolated 1",512,1,0.6810,31.6000,0.0030,0.0300,0.0280,0.0000,0.0040,0.4330,0.0050,0.0260,0.1650,0.0070,31.7690,0.4343,1.8704,0:2 1:69 2:1025 3:284 4:12 5:2
MemphisCase2026_Mar7,20,cuDSS,1570,1568,2,173,"gpu_diverged 173, islanded 1, reference_isolated 1",512,1,0.9190,31.6000,0.0030,0.2090,0.0280,0.0000,0.0040,0.5670,0.0030,0.0250,0.2750,0.0060,37.2336,0.5861,2.4492,0:2 1:69 2:1025 3:284 4:12 5:2 >10:1
Wisconsin_1664,8,Alg 2,2541,2462,79,23,"gpu_diverged 23, islanded 79",512,2,1.0470,24.9000,0.0040,0.0370,0.0240,0.0010,0.0090,0.7490,0.0080,0.0210,0.2190,0.0080,49.7943,0.4253,0.8375,0:1 1:448 2:1742 3:175 4:42 5:17 6:8 7:5 >10:1
Wisconsin_1664,8,cuDSS,2541,2462,79,23,"gpu_diverged 23, islanded 79",512,2,1.5310,24.9000,0.0040,0.1730,0.0240,0.0010,0.0090,0.9740,0.0080,0.0210,0.4790,0.0080,59.0949,0.6219,1.0891,0:1 1:448 2:1742 3:175 4:42 5:17 6:8 7:5 >10:1
Wisconsin_1664,16,Alg 2,2541,2462,79,23,"gpu_diverged 23, islanded 79",512,2,1.0520,24.9000,0.0050,0.0360,0.0250,0.0010,0.0090,0.7540,0.0080,0.0210,0.2160,0.0080,57.3406,0.4273,0.8431,0:1 1:448 2:1742 3:175 4:42 5:17 6:8 7:5 >10:1
Wisconsin_1664,16,cuDSS,2541,2462,79,23,"gpu_diverged 23, islanded 79",512,2,1.5340,24.9000,0.0050,0.1670,0.0240,0.0010,0.0090,0.9750,0.0080,0.0210,0.4810,0.0080,64.2809,0.6231,1.0903,0:1 1:448 2:1742 3:175 4:42 5:17 6:8 7:5 >10:1
Wisconsin_1664,20,Alg 2,2541,2462,79,23,"gpu_diverged 23, islanded 79",512,2,1.0620,24.9000,0.0050,0.0380,0.0240,0.0010,0.0090,0.7620,0.0080,0.0210,0.2210,0.0080,59.9610,0.4314,0.8521,0:1 1:448 2:1742 3:175 4:42 5:17 6:8 7:5 >10:1
Wisconsin_1664,20,cuDSS,2541,2462,79,23,"gpu_diverged 23, islanded 79",512,2,1.5520,24.9000,0.0060,0.2170,0.0240,0.0010,0.0090,0.9890,0.0080,0.0210,0.4830,0.0080,68.6832,0.6304,1.1059,0:1 1:448 2:1742 3:175 4:42 5:17 6:8 7:5 >10:1
Base_Florida_42GW,8,Alg 2,9547,9379,168,7,"gpu_diverged 7, islanded 168",512,5,7.8660,72.4000,0.0150,0.1130,0.1910,0.0070,0.1110,5.9890,0.1170,0.1550,1.1870,0.0910,46.7221,0.8387,0.2820,0:15 1:1778 2:7166 3:315 4:72 5:23 6:2 7:1
Base_Florida_42GW,8,cuDSS,9547,9379,168,7,"gpu_diverged 7, islanded 168",512,5,8.9180,72.4000,0.0140,0.2520,0.1960,0.0080,0.1100,5.6730,0.1190,0.1560,2.5460,0.0920,53.1251,0.9508,0.2672,0:15 1:1778 2:7166 3:315 4:72 5:23 6:2 7:1
Base_Florida_42GW,16,Alg 2,9547,9379,168,7,"gpu_diverged 7, islanded 168",512,5,7.9770,72.4000,0.0170,0.1090,0.1980,0.0080,0.1160,6.0710,0.1260,0.1530,1.1940,0.0950,64.6563,0.8505,0.2859,0:15 1:1778 2:7166 3:315 4:72 5:23 6:2 7:1
Base_Florida_42GW,16,cuDSS,9547,9379,168,7,"gpu_diverged 7, islanded 168",512,5,8.8980,72.4000,0.0170,0.2440,0.1980,0.0080,0.1160,5.6230,0.1250,0.1550,2.5570,0.0960,71.4670,0.9487,0.2648,0:15 1:1778 2:7166 3:315 4:72 5:23 6:2 7:1
Base_Florida_42GW,20,Alg 2,9547,9379,168,7,"gpu_diverged 7, islanded 168",512,5,8.0940,72.4000,0.0180,0.1320,0.1990,0.0080,0.1430,6.1440,0.1270,0.1540,1.2020,0.0960,70.5719,0.8630,0.2893,0:15 1:1778 2:7166 3:315 4:72 5:23 6:2 7:1
Base_Florida_42GW,20,cuDSS,9547,9379,168,7,"gpu_diverged 7, islanded 168",512,5,9.0720,72.4000,0.0180,0.2960,0.2000,0.0090,0.1410,5.7360,0.1320,0.1550,2.5800,0.0980,78.5475,0.9673,0.2701,0:15 1:1778 2:7166 3:315 4:72 5:23 6:2 7:1
Texas7k_20210804,8,Alg 2,8891,8807,84,4,"gpu_diverged 3, gpu_flagged 1, islanded 82, reference_isolated 1, remote_regulation 1",512,5,14.5870,55.1000,0.0200,0.1270,0.2290,0.0130,0.1250,11.5430,0.1220,0.1960,2.2330,0.1060,71.8425,1.6563,0.3970,0:446 1:242 2:6655 3:1163 4:256 5:30 6:8 7:2 8:1
Texas7k_20210804,8,cuDSS,8891,8807,84,3,"gpu_diverged 3, islanded 82, reference_isolated 1, remote_regulation 1",512,5,13.2210,55.1000,0.0200,0.2730,0.2270,0.0140,0.1260,8.5290,0.1240,0.1950,3.8790,0.1080,66.7601,1.5012,0.2933,0:446 1:242 2:6655 3:1163 4:256 5:30 6:9 7:2 8:1
Texas7k_20210804,16,Alg 2,8891,8807,84,4,"gpu_diverged 3, gpu_flagged 1, islanded 82, reference_isolated 1, remote_regulation 1",512,5,14.8400,55.1000,0.0250,0.1240,0.2370,0.0140,0.1320,11.7260,0.1320,0.1970,2.2700,0.1110,82.4172,1.6850,0.4033,0:446 1:242 2:6655 3:1163 4:256 5:30 6:8 7:2 8:1
Texas7k_20210804,16,cuDSS,8891,8807,84,3,"gpu_diverged 3, islanded 82, reference_isolated 1, remote_regulation 1",512,5,13.3870,55.1000,0.0250,0.2690,0.2360,0.0140,0.1320,8.6120,0.1330,0.1980,3.9310,0.1120,80.6939,1.5200,0.2962,0:446 1:242 2:6655 3:1163 4:256 5:30 6:9 7:2 8:1
Texas7k_20210804,20,Alg 2,8891,8807,84,4,"gpu_diverged 3, gpu_flagged 1, islanded 82, reference_isolated 1, remote_regulation 1",512,5,14.9450,55.1000,0.0220,0.1490,0.2410,0.0150,0.1610,11.7810,0.1370,0.1970,2.2740,0.1120,83.6187,1.6969,0.4052,0:446 1:242 2:6655 3:1163 4:256 5:30 6:8 7:2 8:1
Texas7k_20210804,20,cuDSS,8891,8807,84,3,"gpu_diverged 3, islanded 82, reference_isolated 1, remote_regulation 1",512,5,13.5480,55.1000,0.0240,0.2850,0.2400,0.0140,0.1360,8.7140,0.1350,0.1980,3.9760,0.1130,82.1898,1.5383,0.2997,0:446 1:242 2:6655 3:1163 4:256 5:30 6:9 7:2 8:1
ACTIVSg10k,8,Alg 2,15191,14590,601,10,"gpu_diverged 10, islanded 599, reference_isolated 1, remote_regulation 1",512,8,15.0610,67.1000,0.0320,0.1530,0.5260,0.0250,0.2940,10.6220,0.3060,0.4570,2.5350,0.2650,35.6463,1.0323,0.3325,0:1214 1:407 2:10732 3:1705 4:334 5:145 6:34 7:8 8:1
ACTIVSg10k,8,cuDSS,15191,14590,601,10,"gpu_diverged 10, islanded 599, reference_isolated 1, remote_regulation 1",512,8,23.8920,68.2000,0.0320,0.3090,0.5190,0.0240,0.2970,14.1140,0.3210,0.4510,7.8660,0.2700,55.9716,1.6376,0.4419,0:1214 1:407 2:10732 3:1705 4:334 5:145 6:34 7:8 8:1
ACTIVSg10k,16,Alg 2,15191,14590,601,10,"gpu_diverged 10, islanded 599, reference_isolated 1, remote_regulation 1",512,8,15.5380,66.6000,0.0340,0.1510,0.5520,0.0260,0.3090,10.9590,0.3240,0.4570,2.6020,0.2770,54.4631,1.0650,0.3431,0:1214 1:407 2:10732 3:1705 4:334 5:145 6:34 7:8 8:1
ACTIVSg10k,16,cuDSS,15191,14590,601,10,"gpu_diverged 10, islanded 599, reference_isolated 1, remote_regulation 1",512,8,24.3330,68.2000,0.0350,0.3070,0.5480,0.0260,0.3130,14.3190,0.3460,0.4550,8.0120,0.2840,83.9947,1.6678,0.4483,0:1214 1:407 2:10732 3:1705 4:334 5:145 6:34 7:8 8:1
ACTIVSg10k,20,Alg 2,15191,14590,601,10,"gpu_diverged 10, islanded 599, reference_isolated 1, remote_regulation 1",512,8,15.7600,66.6000,0.0370,0.1800,0.5610,0.0300,0.3380,11.0830,0.3350,0.4580,2.6270,0.2800,61.2367,1.0802,0.3470,0:1214 1:407 2:10732 3:1705 4:334 5:145 6:34 7:8 8:1
ACTIVSg10k,20,cuDSS,15191,14590,601,10,"gpu_diverged 10, islanded 599, reference_isolated 1, remote_regulation 1",512,8,24.6070,68.2000,0.0350,0.3060,0.5630,0.0270,0.3440,14.4700,0.3570,0.4580,8.0540,0.2890,85.4497,1.6866,0.4530,0:1214 1:407 2:10732 3:1705 4:334 5:145 6:34 7:8 8:1
Base_MIOHIN_76GW,8,Alg 2,17700,17628,72,2,"gpu_diverged 2, islanded 72",512,9,38.9830,91.1000,0.0360,0.2410,0.6650,0.0260,0.3770,32.4310,0.3990,0.5380,4.2050,0.3010,55.1920,2.2114,0.2026,0:13 1:4018 2:12977 3:481 4:85 5:31 6:15 7:5 8:1
Base_MIOHIN_76GW,8,cuDSS,17700,17628,72,2,"gpu_diverged 2, islanded 72",512,9,31.6980,91.1000,0.0360,0.3730,0.6750,0.0250,0.3760,21.3440,0.4060,0.5460,7.9720,0.3110,50.1548,1.7982,0.1333,0:13 1:4018 2:12977 3:481 4:85 5:31 6:15 7:5 8:1
Base_MIOHIN_76GW,16,Alg 2,17700,17628,72,2,"gpu_diverged 2, islanded 72",512,9,40.7550,91.1000,0.0450,0.2370,0.7210,0.0270,0.4040,33.9040,0.4450,0.5290,4.3620,0.3180,81.6154,2.3119,0.2118,0:13 1:4018 2:12977 3:481 4:85 5:31 6:15 7:5 8:1
Base_MIOHIN_76GW,16,cuDSS,17700,17628,72,2,"gpu_diverged 2, islanded 72",512,9,32.6590,91.1000,0.0450,0.3650,0.7210,0.0270,0.4040,21.9260,0.4480,0.5340,8.2390,0.3160,75.1806,1.8527,0.1370,0:13 1:4018 2:12977 3:481 4:85 5:31 6:15 7:5 8:1
Base_MIOHIN_76GW,20,Alg 2,17700,17628,72,2,"gpu_diverged 2, islanded 72",512,9,41.2620,91.1000,0.0440,0.2910,0.7120,0.0290,0.4460,34.2960,0.4640,0.5330,4.3960,0.3260,88.0635,2.3407,0.2142,0:13 1:4018 2:12977 3:481 4:85 5:31 6:15 7:5 8:1
Base_MIOHIN_76GW,20,cuDSS,17700,17628,72,2,"gpu_diverged 2, islanded 72",512,9,33.1390,91.1000,0.0390,0.4520,0.7310,0.0270,0.4400,22.2400,0.4570,0.5410,8.3290,0.3240,82.1994,1.8799,0.1389,0:13 1:4018 2:12977 3:481 4:85 5:31 6:15 7:5 8:1
private network,8,Alg 2,39628,31920,7708,52,"gpu_diverged 47, gpu_flagged 5, islanded 7707, reference_isolated 1",512,16,77.8060,78.6000,0.1050,0.3790,6.6080,0.5250,2.2090,40.9990,2.7820,5.5590,16.0600,2.8520,18.0493,2.4375,0.8156,2:6304 3:15232 4:5997 5:2300 6:1260 7:538 8:172 9:59 10:3 >10:3
private network,8,cuDSS,39628,31920,7708,49,"gpu_diverged 47, gpu_flagged 2, islanded 7707, reference_isolated 1",512,16,237.0680,78.8000,0.1060,0.7140,6.5000,0.5430,2.2040,127.2930,2.9340,5.4640,89.0100,2.9130,53.2437,7.4269,2.5323,2:6304 3:15234 4:5997 5:2300 6:1261 7:538 8:172 9:59 10:3 >10:3
private network,16,Alg 2,39628,31920,7708,52,"gpu_diverged 47, gpu_flagged 5, islanded 7707, reference_isolated 1",512,16,77.4920,78.6000,0.1110,0.3670,6.5310,0.5390,2.3020,40.6390,2.8760,5.5640,15.9670,2.8930,29.0843,2.4277,0.8084,2:6304 3:15232 4:5997 5:2300 6:1260 7:538 8:172 9:59 10:3 >10:3
private network,16,cuDSS,39628,31920,7708,49,"gpu_diverged 47, gpu_flagged 2, islanded 7707, reference_isolated 1",512,16,242.0730,78.8000,0.1120,0.6530,6.5900,0.5590,2.3500,129.8430,3.1330,5.5300,90.8340,3.0370,88.9440,7.5837,2.5830,2:6304 3:15234 4:5997 5:2300 6:1261 7:538 8:172 9:59 10:3 >10:3
private network,20,Alg 2,39628,31920,7708,52,"gpu_diverged 47, gpu_flagged 5, islanded 7707, reference_isolated 1",512,16,78.0370,78.3000,0.1090,0.3790,6.5110,0.5390,2.5660,40.6230,2.9480,5.5110,16.0020,2.9840,33.3246,2.4448,0.8081,2:6304 3:15232 4:5997 5:2300 6:1260 7:538 8:172 9:59 10:3 >10:3
private network,20,cuDSS,39628,31920,7708,49,"gpu_diverged 47, gpu_flagged 2, islanded 7707, reference_isolated 1",512,16,243.4810,78.8000,0.1180,0.6760,6.6710,0.5540,2.6260,130.2990,3.1730,5.5350,91.2080,3.0660,90.8928,7.6279,2.5921,2:6304 3:15234 4:5997 5:2300 6:1261 7:538 8:172 9:59 10:3 >10:3
