network,path,cases,DIVERGED,ISLANDED,OK,SLACK_OVERLOAD,mean solver steps (converged),median solver steps,max solver steps
MemphisCase2026_Mar7,Stock GridPACK,1570,175,1,1389,5,2.2289,2,5
MemphisCase2026_Mar7,Optimized CPU,1570,174,1,1390,5,2.2590,2.0000,44
MemphisCase2026_Mar7,Alg 2,1570,174,1,1390,5,2.2000,2.0000,44
MemphisCase2026_Mar7,cuDSS,1570,174,1,1390,5,2.2022,2.0000,47
Wisconsin_1664,Stock GridPACK,2541,23,79,2416,23,1.8750,2.0000,6
Wisconsin_1664,Optimized CPU,2541,23,79,2416,23,1.8750,2.0000,6
Wisconsin_1664,Alg 2,2541,23,79,2416,23,1.8746,2.0000,6
Wisconsin_1664,cuDSS,2541,23,79,2416,23,1.8746,2.0000,6
Base_Florida_42GW,Stock GridPACK,9547,7,168,9304,68,1.8311,2.0000,5
Base_Florida_42GW,Optimized CPU,9547,7,168,9304,68,1.8311,2.0000,5
Base_Florida_42GW,Alg 2,9547,7,168,9304,68,1.8309,2.0000,5
Base_Florida_42GW,cuDSS,9547,7,168,9304,68,1.8309,2.0000,5
Texas7k_20210804,Stock GridPACK,8891,4,82,8639,166,1.9330,2,5
Texas7k_20210804,Optimized CPU,8891,4,82,8639,166,1.9330,2,5
Texas7k_20210804,Alg 2,8891,4,82,8639,166,1.8814,2,5
Texas7k_20210804,cuDSS,8891,4,82,8639,166,1.8814,2,5
ACTIVSg10k,Stock GridPACK,15191,10,599,12222,2360,2.0745,2.0000,5
ACTIVSg10k,Optimized CPU,15191,10,599,12222,2360,2.0745,2.0000,5
ACTIVSg10k,Alg 2,15191,10,599,12222,2360,1.8425,2.0000,5
ACTIVSg10k,cuDSS,15191,10,599,12222,2360,1.8425,2.0000,5
Base_MIOHIN_76GW,Stock GridPACK,17700,2,72,17052,574,1.7842,2.0000,3
Base_MIOHIN_76GW,Optimized CPU,17700,2,72,17052,574,1.7842,2.0000,3
Base_MIOHIN_76GW,Alg 2,17700,2,72,17052,574,1.7834,2.0000,3
Base_MIOHIN_76GW,cuDSS,17700,2,72,17052,574,1.7834,2.0000,3
private network,Optimized CPU,39628,47,7707,31839,35,1.0050,1,2
private network,Alg 2,39628,47,7707,31839,35,1.0049,1,2
private network,cuDSS,39628,47,7707,31839,35,1.0049,1,2
