network,ranks,path,peak container memory (GB),peak program memory (GB)
MemphisCase2026_Mar7,8,Stock GridPACK,0.7800,0.5700
MemphisCase2026_Mar7,8,Optimized CPU,0.8200,0.6100
MemphisCase2026_Mar7,8,Alg 2,0.9600,0.7100
MemphisCase2026_Mar7,8,cuDSS,1.1100,0.8300
MemphisCase2026_Mar7,16,Stock GridPACK,1.6000,1.3500
MemphisCase2026_Mar7,16,Optimized CPU,1.7100,1.3800
MemphisCase2026_Mar7,16,Alg 2,1.8800,1.5200
MemphisCase2026_Mar7,16,cuDSS,2.1300,1.6700
MemphisCase2026_Mar7,20,Stock GridPACK,1.6500,1.4100
MemphisCase2026_Mar7,20,Optimized CPU,1.8100,1.5700
MemphisCase2026_Mar7,20,Alg 2,1.8900,1.6100
MemphisCase2026_Mar7,20,cuDSS,2.0700,1.7700
Wisconsin_1664,8,Stock GridPACK,1.3600,0.7000
Wisconsin_1664,8,Optimized CPU,1.6800,0.7900
Wisconsin_1664,8,Alg 2,1.4500,0.8900
Wisconsin_1664,8,cuDSS,1.5600,1.0100
Wisconsin_1664,16,Stock GridPACK,2.3700,1.6500
Wisconsin_1664,16,Optimized CPU,3.0800,1.7300
Wisconsin_1664,16,Alg 2,2.7200,1.8700
Wisconsin_1664,16,cuDSS,3.1700,1.9300
Wisconsin_1664,20,Stock GridPACK,2.3500,1.7300
Wisconsin_1664,20,Optimized CPU,2.3800,1.7800
Wisconsin_1664,20,Alg 2,2.7600,1.9400
Wisconsin_1664,20,cuDSS,3.1000,2.1000
Base_Florida_42GW,8,Stock GridPACK,11.0500,1.4900
Base_Florida_42GW,8,Optimized CPU,17.5400,1.5000
Base_Florida_42GW,8,Alg 2,17.0300,3.0700
Base_Florida_42GW,8,cuDSS,16.8800,3.1800
Base_Florida_42GW,16,Stock GridPACK,13.6900,3.1700
Base_Florida_42GW,16,Optimized CPU,22.4200,3.1900
Base_Florida_42GW,16,Alg 2,22.5700,4.7100
Base_Florida_42GW,16,cuDSS,23.3100,4.6400
Base_Florida_42GW,20,Stock GridPACK,12.5600,3.7000
Base_Florida_42GW,20,Optimized CPU,18.4600,3.7100
Base_Florida_42GW,20,Alg 2,18.6400,5.0400
Base_Florida_42GW,20,cuDSS,19.8100,5.1500
Texas7k_20210804,8,Stock GridPACK,11.6900,1.6700
Texas7k_20210804,8,Optimized CPU,18.4000,1.6900
Texas7k_20210804,8,Alg 2,18.5200,3.4400
Texas7k_20210804,8,cuDSS,18.9700,3.5500
Texas7k_20210804,16,Stock GridPACK,14.7700,3.5300
Texas7k_20210804,16,Optimized CPU,25.0300,3.5900
Texas7k_20210804,16,Alg 2,24.0800,4.9600
Texas7k_20210804,16,cuDSS,25.0100,5.3600
Texas7k_20210804,20,Stock GridPACK,13.5900,4.1400
Texas7k_20210804,20,Optimized CPU,20.3900,4.2000
Texas7k_20210804,20,Alg 2,20.6300,5.5700
Texas7k_20210804,20,cuDSS,20.3100,5.9600
ACTIVSg10k,8,Stock GridPACK,21.7100,2.2100
ACTIVSg10k,8,Optimized CPU,35.3100,2.2300
ACTIVSg10k,8,Alg 2,35.3900,5.8300
ACTIVSg10k,8,cuDSS,36.2600,5.3600
ACTIVSg10k,16,Stock GridPACK,26.5600,4.6100
ACTIVSg10k,16,Optimized CPU,46.5900,4.6900
ACTIVSg10k,16,Alg 2,47.5200,8.2400
ACTIVSg10k,16,cuDSS,45.9400,7.7700
ACTIVSg10k,20,Stock GridPACK,23.7900,5.4600
ACTIVSg10k,20,Optimized CPU,38.4600,5.5300
ACTIVSg10k,20,Alg 2,38.4700,8.5200
ACTIVSg10k,20,cuDSS,38.5600,8.0400
Base_MIOHIN_76GW,8,Stock GridPACK,34.9700,2.4500
Base_MIOHIN_76GW,8,Optimized CPU,59.2800,2.4600
Base_MIOHIN_76GW,8,Alg 2,57.8500,6.4400
Base_MIOHIN_76GW,8,cuDSS,57.5700,6.5400
Base_MIOHIN_76GW,16,Stock GridPACK,41.5700,5.0900
Base_MIOHIN_76GW,16,Optimized CPU,68.7100,5.1300
Base_MIOHIN_76GW,16,Alg 2,68.7100,8.1000
Base_MIOHIN_76GW,16,cuDSS,68.7100,8.2000
Base_MIOHIN_76GW,20,Stock GridPACK,36.7000,6.0700
Base_MIOHIN_76GW,20,Optimized CPU,60.4200,6.0900
Base_MIOHIN_76GW,20,Alg 2,62.2600,8.4200
Base_MIOHIN_76GW,20,cuDSS,61.6400,8.5500
private network,8,Optimized CPU,68.7200,5.6500
private network,8,Alg 2,68.7200,32.0600
private network,8,cuDSS,68.7200,25.2600
private network,16,Optimized CPU,68.7200,11.0300
private network,16,Alg 2,68.7200,37.5400
private network,16,cuDSS,68.7200,19.7000
private network,20,Optimized CPU,68.7200,13.7600
private network,20,Alg 2,68.7200,39.9700
private network,20,cuDSS,68.7200,22.0800
