network,ranks,from,to,saving (s),start-up and shutdown (s),"read, base case and case list (s)",apply and restore outage (s),solve (s),write table rows (s),other checks and reporting (s),waiting (s),merge files (s),start-up and shutdown (% of saving),"read, base case and case list (% of saving)",apply and restore outage (% of saving),solve (% of saving),write table rows (% of saving),other checks and reporting (% of saving),waiting (% of saving),merge files (% of saving)
MemphisCase2026_Mar7,8,Stock GridPACK,Optimized CPU,1.8250,0.0142,0.0291,0.0507,0.1899,1.4421,0.0278,0.0511,0.0201,0.7781,1.5945,2.7808,10.4027,79.0192,1.5233,2.8000,1.1014
MemphisCase2026_Mar7,8,Optimized CPU,Alg 2,0.3750,-0.5964,0.0438,0.1390,1.8239,0.0255,0.1235,-1.1912,0.0071,-159.0533,11.6667,37.0667,486.3733,6.8000,32.9333,-317.6667,1.8800
MemphisCase2026_Mar7,8,Optimized CPU,cuDSS,0.0250,-0.7268,0.0443,0.1386,1.8374,0.0251,0.1235,-1.4206,0.0037,-2907.2000,177.0000,554.2000,7349.6000,100.4000,493.8000,-5682.4000,14.6000
MemphisCase2026_Mar7,16,Stock GridPACK,Optimized CPU,0.9800,-0.0058,0.0241,0.0216,0.0032,0.8858,0.0173,0.0179,0.0158,-0.5867,2.4592,2.2092,0.3214,90.3878,1.7704,1.8265,1.6122
MemphisCase2026_Mar7,16,Optimized CPU,Alg 2,-0.2200,-0.5681,0.0018,0.1026,1.3050,0.0069,0.0741,-1.1356,-0.0067,258.2273,-0.8182,-46.6364,-593.1818,-3.1364,-33.6818,516.1818,3.0455
MemphisCase2026_Mar7,16,Optimized CPU,cuDSS,-0.5900,-0.6954,0.0016,0.1024,1.2810,0.0122,0.0746,-1.3596,-0.0070,117.8644,-0.2712,-17.3559,-217.1271,-2.0763,-12.6525,230.4407,1.1780
MemphisCase2026_Mar7,20,Stock GridPACK,Optimized CPU,1.2100,0.2279,0.0347,0.0191,0.0390,0.7976,0.0189,0.0159,0.0569,18.8306,2.8678,1.5785,3.2231,65.9174,1.5620,1.3182,4.7025
MemphisCase2026_Mar7,20,Optimized CPU,Alg 2,-0.3250,-0.5677,-0.0581,0.0932,1.3236,-0.0044,0.0603,-1.1560,-0.0160,174.6615,17.8923,-28.6923,-407.2615,1.3538,-18.5692,355.6923,4.9231
MemphisCase2026_Mar7,20,Optimized CPU,cuDSS,-1.0500,-0.9876,-0.0066,0.0932,1.3176,-0.0050,0.0600,-1.4737,-0.0480,94.0571,0.6333,-8.8810,-125.4857,0.4714,-5.7143,140.3524,4.5667
Wisconsin_1664,8,Stock GridPACK,Optimized CPU,4.5800,-0.0030,0.0228,0.1420,0.1052,4.0806,0.0652,0.1155,0.0518,-0.0666,0.4989,3.1004,2.2980,89.0950,1.4236,2.5207,1.1299
Wisconsin_1664,8,Optimized CPU,Alg 2,4.6900,-0.5897,0.0483,0.4494,5.5425,0.0720,0.3193,-1.1946,0.0427,-12.5725,1.0288,9.5821,118.1770,1.5362,6.8081,-25.4701,0.9104
Wisconsin_1664,8,Optimized CPU,cuDSS,4.0350,-0.7541,0.0477,0.4483,5.5439,0.0635,0.3190,-1.6741,0.0408,-18.6890,1.1809,11.1103,137.3941,1.5750,7.9058,-41.4895,1.0124
Wisconsin_1664,16,Stock GridPACK,Optimized CPU,2.7950,-0.0223,0.0386,0.0552,0.0206,2.5618,0.0528,0.0380,0.0503,-0.7961,1.3792,1.9750,0.7388,91.6565,1.8873,1.3614,1.7979
Wisconsin_1664,16,Optimized CPU,Alg 2,2.7300,-0.5440,0.0055,0.3100,3.8833,0.0303,0.1985,-1.1662,0.0125,-19.9267,0.2033,11.3571,142.2454,1.1117,7.2711,-42.7198,0.4579
Wisconsin_1664,16,Optimized CPU,cuDSS,2.0350,-0.6823,0.0041,0.3092,3.8860,0.0287,0.1988,-1.7184,0.0089,-33.5283,0.2039,15.1941,190.9558,1.4103,9.7690,-84.4447,0.4398
Wisconsin_1664,20,Stock GridPACK,Optimized CPU,3.2300,0.1509,0.0559,0.0529,0.1635,2.3461,0.0592,0.1636,0.2380,4.6718,1.7307,1.6362,5.0619,72.6347,1.8328,5.0635,7.3684
Wisconsin_1664,20,Optimized CPU,Alg 2,2.2050,-0.6184,0.0005,0.2788,3.5656,0.0374,0.1726,-1.2031,-0.0286,-28.0454,0.0249,12.6463,161.7075,1.6984,7.8277,-54.5601,-1.2993
Wisconsin_1664,20,Optimized CPU,cuDSS,1.6300,-0.7007,0.0025,0.2778,3.5638,0.0331,0.1705,-1.6823,-0.0348,-42.9908,0.1534,17.0429,218.6411,2.0307,10.4632,-103.2086,-2.1319
Base_Florida_42GW,8,Stock GridPACK,Optimized CPU,60.0700,0.0388,-0.1005,0.6542,-1.6160,59.1441,0.9722,1.0057,-0.0284,0.0645,-0.1674,1.0891,-2.6902,98.4586,1.6184,1.6741,-0.0472
Base_Florida_42GW,8,Optimized CPU,Alg 2,110.3300,-0.8010,0.1997,7.9118,99.2764,-0.0677,3.7157,-0.5195,0.6146,-0.7260,0.1810,7.1710,89.9813,-0.0614,3.3678,-0.4709,0.5571
Base_Florida_42GW,8,Optimized CPU,cuDSS,110.4750,-0.9117,0.1960,7.9850,99.2983,0.0813,3.7956,-0.7947,0.8252,-0.8253,0.1774,7.2278,89.8831,0.0736,3.4357,-0.7193,0.7469
Base_Florida_42GW,16,Stock GridPACK,Optimized CPU,39.5850,-0.0082,0.1482,0.0728,-1.0345,37.0697,0.7084,1.2460,1.3826,-0.0207,0.3744,0.1839,-2.6135,93.6460,1.7894,3.1477,3.4929
Base_Florida_42GW,16,Optimized CPU,Alg 2,73.6450,-0.7270,0.0157,5.2068,67.3820,-0.4886,2.6396,-0.9900,0.6066,-0.9872,0.0214,7.0701,91.4956,-0.6635,3.5842,-1.3443,0.8237
Base_Florida_42GW,16,Optimized CPU,cuDSS,73.2550,-0.8417,0.0158,5.2571,67.3877,-0.3846,2.6909,-1.3144,0.4441,-1.1490,0.0216,7.1764,91.9906,-0.5249,3.6734,-1.7943,0.6062
Base_Florida_42GW,20,Stock GridPACK,Optimized CPU,40.6600,-0.0028,0.1381,0.2397,1.4525,33.7823,0.8378,1.3208,2.8917,-0.0070,0.3395,0.5896,3.5723,83.0847,2.0606,3.2484,7.1118
Base_Florida_42GW,20,Optimized CPU,Alg 2,64.1400,-0.7079,0.0176,4.5446,59.4515,-0.5191,2.2693,-1.3599,0.4440,-1.1037,0.0274,7.0854,92.6902,-0.8093,3.5380,-2.1201,0.6922
Base_Florida_42GW,20,Optimized CPU,cuDSS,63.7800,-0.9451,0.0180,4.5964,59.4632,-0.4604,2.3317,-1.6251,0.4013,-1.4819,0.0282,7.2067,93.2318,-0.7219,3.6558,-2.5479,0.6292
Texas7k_20210804,8,Stock GridPACK,Optimized CPU,62.7350,-0.0432,0.0992,0.4299,-1.8307,61.9849,0.8918,1.2812,-0.0781,-0.0688,0.1581,0.6853,-2.9181,98.8044,1.4215,2.0422,-0.1245
Texas7k_20210804,8,Optimized CPU,Alg 2,125.7650,-0.7604,0.1806,8.5886,116.1328,-0.1347,3.2099,-2.4544,1.0028,-0.6047,0.1436,6.8291,92.3411,-0.1071,2.5523,-1.9516,0.7974
Texas7k_20210804,8,Optimized CPU,cuDSS,126.0900,-0.9238,0.1834,8.6458,116.1762,-0.0438,3.2435,-2.1793,0.9880,-0.7327,0.1454,6.8569,92.1376,-0.0348,2.5724,-1.7284,0.7835
Texas7k_20210804,16,Stock GridPACK,Optimized CPU,41.1800,-0.0346,0.1179,0.0065,-0.9546,38.3731,0.6949,1.3648,1.6121,-0.0841,0.2863,0.0159,-2.3182,93.1839,1.6873,3.3141,3.9148
Texas7k_20210804,16,Optimized CPU,Alg 2,78.7400,-0.6996,0.0298,5.5617,77.4175,-0.5855,2.2440,-5.8172,0.5894,-0.8884,0.0378,7.0633,98.3204,-0.7436,2.8499,-7.3878,0.7485
Texas7k_20210804,16,Optimized CPU,cuDSS,79.2100,-0.8843,0.0260,5.6268,77.4527,-0.4659,2.3129,-4.6900,-0.1682,-1.1164,0.0328,7.1036,97.7814,-0.5882,2.9200,-5.9209,-0.2123
Texas7k_20210804,20,Stock GridPACK,Optimized CPU,42.5800,-0.0233,0.0935,0.1946,2.0742,34.8682,0.8045,1.4451,3.1232,-0.0547,0.2196,0.4570,4.8712,81.8887,1.8894,3.3940,7.3349
Texas7k_20210804,20,Optimized CPU,Alg 2,67.0300,-0.8064,0.0713,4.8648,68.2366,-0.6783,1.9314,-6.8635,0.2741,-1.2030,0.1064,7.2576,101.8002,-1.0119,2.8813,-10.2395,0.4089
Texas7k_20210804,20,Optimized CPU,cuDSS,68.3400,-0.9600,0.0818,4.9251,68.2921,-0.5419,2.0190,-5.8143,0.3381,-1.4047,0.1198,7.2067,99.9299,-0.7929,2.9543,-8.5080,0.4948
ACTIVSg10k,8,Stock GridPACK,Optimized CPU,127.6200,-0.1559,0.3796,0.0374,-4.8381,127.8107,1.7600,3.3579,-0.7316,-0.1222,0.2974,0.0293,-3.7911,100.1494,1.3791,2.6312,-0.5733
ACTIVSg10k,8,Optimized CPU,Alg 2,315.9850,-0.7967,0.0617,22.0885,286.4882,-0.7861,6.1706,0.2877,2.4711,-0.2521,0.0195,6.9903,90.6651,-0.2488,1.9528,0.0910,0.7820
ACTIVSg10k,8,Optimized CPU,cuDSS,315.4950,-0.9554,0.0600,22.4012,286.5639,-0.9334,6.1551,-0.3725,2.5762,-0.3028,0.0190,7.1003,90.8299,-0.2959,1.9509,-0.1181,0.8166
ACTIVSg10k,16,Stock GridPACK,Optimized CPU,80.0100,-0.0587,0.2339,-0.7086,-4.3420,78.5884,1.1481,1.6182,3.5308,-0.0734,0.2923,-0.8856,-5.4268,98.2232,1.4349,2.0224,4.4129
ACTIVSg10k,16,Optimized CPU,Alg 2,203.1600,-0.7087,0.0250,14.3771,185.1494,-1.3256,4.4185,-0.2066,1.4310,-0.3488,0.0123,7.0767,91.1348,-0.6525,2.1749,-0.1017,0.7043
ACTIVSg10k,16,Optimized CPU,cuDSS,202.5200,-0.8885,0.0284,14.4419,185.1104,-1.4878,4.3517,-0.4439,1.4077,-0.4387,0.0140,7.1311,91.4035,-0.7346,2.1488,-0.2192,0.6951
ACTIVSg10k,20,Stock GridPACK,Optimized CPU,81.2450,-0.1341,0.2545,-0.0900,1.6686,71.5465,1.3705,2.2565,4.3726,-0.1651,0.3133,-0.1107,2.0538,88.0626,1.6868,2.7774,5.3819
ACTIVSg10k,20,Optimized CPU,Alg 2,177.1550,-0.7865,-0.0202,12.3583,162.4028,-1.5654,3.7172,-0.0705,1.1193,-0.4440,-0.0114,6.9760,91.6727,-0.8836,2.0983,-0.0398,0.6318
ACTIVSg10k,20,Optimized CPU,cuDSS,174.0700,-0.9300,0.0302,12.4360,162.3049,-1.8046,3.6461,-2.8009,1.1883,-0.5343,0.0173,7.1443,93.2412,-1.0367,2.0946,-1.6090,0.6826
Base_MIOHIN_76GW,8,Stock GridPACK,Optimized CPU,197.0600,-0.0565,0.2374,-0.0554,-9.8531,201.7077,3.1431,3.1193,-1.1824,-0.0287,0.1204,-0.0281,-5.0001,102.3585,1.5950,1.5829,-0.6000
Base_MIOHIN_76GW,8,Optimized CPU,Alg 2,441.9600,-1.1344,0.6327,29.9302,405.4096,-4.9211,10.0781,-1.3988,3.3637,-0.2567,0.1432,6.7722,91.7299,-1.1135,2.2803,-0.3165,0.7611
Base_MIOHIN_76GW,8,Optimized CPU,cuDSS,449.7350,-1.2893,0.6300,30.9431,405.4681,-1.9759,11.6226,0.4713,3.8651,-0.2867,0.1401,6.8803,90.1571,-0.4393,2.5843,0.1048,0.8594
Base_MIOHIN_76GW,16,Stock GridPACK,Optimized CPU,132.8150,-0.0513,0.1576,-0.8102,-3.9151,125.7716,2.4507,3.1186,6.0931,-0.0386,0.1187,-0.6100,-2.9478,94.6968,1.8452,2.3481,4.5877
Base_MIOHIN_76GW,16,Optimized CPU,Alg 2,274.6250,-0.8771,0.0378,19.3492,261.9934,-6.1631,6.4379,-1.6530,-4.5001,-0.3194,0.0138,7.0457,95.4004,-2.2442,2.3443,-0.6019,-1.6386
Base_MIOHIN_76GW,16,Optimized CPU,cuDSS,286.0800,-1.0088,0.0690,20.1936,262.0127,-3.3061,7.8029,-0.2441,0.5607,-0.3526,0.0241,7.0587,91.5872,-1.1557,2.7275,-0.0853,0.1960
Base_MIOHIN_76GW,20,Stock GridPACK,Optimized CPU,137.4500,-0.0968,0.3174,0.1568,5.5527,115.5711,2.8376,3.4830,9.6282,-0.0704,0.2309,0.1141,4.0398,84.0822,2.0645,2.5340,7.0049
Base_MIOHIN_76GW,20,Optimized CPU,Alg 2,242.8300,-0.9423,-0.0153,16.7582,232.2283,-6.6674,5.2800,-1.5865,-2.2248,-0.3881,-0.0063,6.9012,95.6341,-2.7457,2.1744,-0.6533,-0.9162
Base_MIOHIN_76GW,20,Optimized CPU,cuDSS,250.1950,-1.2939,0.0121,17.5821,232.2424,-3.6146,6.7236,-0.3816,-1.0751,-0.5172,0.0048,7.0274,92.8245,-1.4447,2.6874,-0.1525,-0.4297
private network,8,Optimized CPU,Alg 2,4511.3700,-1.0662,-0.0902,151.3293,4328.8807,4.5229,54.5406,3.9067,-30.6538,-0.0236,-0.0020,3.3544,95.9549,0.1003,1.2090,0.0866,-0.6795
private network,8,Optimized CPU,cuDSS,4497.4600,-1.5703,-0.1288,162.8179,4327.5067,-8.0414,49.1128,-2.3928,-29.8441,-0.0349,-0.0029,3.6202,96.2211,-0.1788,1.0920,-0.0532,-0.6636
private network,16,Optimized CPU,Alg 2,2736.2000,-1.1863,0.1853,76.2392,2636.9330,-0.1885,40.4633,2.1158,-18.3618,-0.0434,0.0068,2.7863,96.3721,-0.0069,1.4788,0.0773,-0.6711
private network,16,Optimized CPU,cuDSS,2726.3300,-1.5444,0.1681,92.5814,2634.9566,-15.7660,33.6935,4.3736,-22.1328,-0.0566,0.0062,3.3958,96.6485,-0.5783,1.2359,0.1604,-0.8118
private network,20,Optimized CPU,Alg 2,2369.0100,-1.2547,-0.0263,60.8513,2294.3854,0.2810,34.8571,-0.9541,-19.1297,-0.0530,-0.0011,2.5686,96.8500,0.0119,1.4714,-0.0403,-0.8075
private network,20,Optimized CPU,cuDSS,2336.8800,-1.5214,-0.2956,75.4541,2292.0189,-16.7719,28.0532,-23.0385,-17.0188,-0.0651,-0.0126,3.2288,98.0803,-0.7177,1.2005,-0.9859,-0.7283
