network,path,8 ranks (s),8 ranks / 8 ranks,16 ranks (s),16 ranks / 8 ranks,20 ranks (s),20 ranks / 8 ranks,case loop 8->16 efficiency (%)
MemphisCase2026_Mar7,Stock GridPACK,6.2150,1.0000,4.6500,0.7482,4.9600,0.7981,76.3162
MemphisCase2026_Mar7,Optimized CPU,4.3900,1.0000,3.6700,0.8360,3.7500,0.8542,70.2318
MemphisCase2026_Mar7,Alg 2,4.0150,1.0000,3.8900,0.9689,4.0750,1.0149,60.8316
MemphisCase2026_Mar7,cuDSS,4.3650,1.0000,4.2600,0.9759,4.8000,1.0997,59.2731
Wisconsin_1664,Stock GridPACK,12.7650,1.0000,9.1400,0.7160,9.3400,0.7317,75.4555
Wisconsin_1664,Optimized CPU,8.1850,1.0000,6.3450,0.7752,6.1100,0.7465,71.6158
Wisconsin_1664,Alg 2,3.4950,1.0000,3.6150,1.0343,3.9050,1.1173,57.3038
Wisconsin_1664,cuDSS,4.1500,1.0000,4.3100,1.0386,4.4800,1.0795,54.2816
Base_Florida_42GW,Stock GridPACK,191.0800,1.0000,129.7200,0.6789,120.8600,0.6325,75.4382
Base_Florida_42GW,Optimized CPU,131.0100,1.0000,90.1350,0.6880,80.2000,0.6122,73.8509
Base_Florida_42GW,Alg 2,20.6800,1.0000,16.4900,0.7974,16.0600,0.7766,68.2295
Base_Florida_42GW,cuDSS,20.5350,1.0000,16.8800,0.8220,16.4200,0.7996,67.4142
Texas7k_20210804,Stock GridPACK,212.4250,1.0000,142.2000,0.6694,132.5250,0.6239,76.4441
Texas7k_20210804,Optimized CPU,149.6900,1.0000,101.0200,0.6749,89.9450,0.6009,75.2100
Texas7k_20210804,Alg 2,23.9250,1.0000,22.2800,0.9312,22.9150,0.9578,56.3818
Texas7k_20210804,cuDSS,23.6000,1.0000,21.8100,0.9242,21.6050,0.9155,59.6863
ACTIVSg10k,Stock GridPACK,491.6200,1.0000,318.1650,0.6472,291.7250,0.5934,78.8664
ACTIVSg10k,Optimized CPU,364.0000,1.0000,238.1550,0.6543,210.4800,0.5782,77.1839
ACTIVSg10k,Alg 2,48.0150,1.0000,34.9950,0.7288,33.3250,0.6941,74.0485
ACTIVSg10k,cuDSS,48.5050,1.0000,35.6350,0.7347,36.4100,0.7506,73.6734
Base_MIOHIN_76GW,Stock GridPACK,719.1750,1.0000,473.9950,0.6591,442.0800,0.6147,77.5211
Base_MIOHIN_76GW,Optimized CPU,522.1150,1.0000,341.1800,0.6535,304.6300,0.5835,77.2552
Base_MIOHIN_76GW,Alg 2,80.1550,1.0000,66.5550,0.8303,61.8000,0.7710,70.7229
Base_MIOHIN_76GW,cuDSS,72.3800,1.0000,55.1000,0.7613,54.4350,0.7521,72.7432
private network,Optimized CPU,5071.9800,1.0000,3113.5800,0.6139,2711.8000,0.5347,82.3006
private network,Alg 2,560.6100,1.0000,377.3800,0.6732,342.7900,0.6115,80.8952
private network,cuDSS,574.5200,1.0000,387.2500,0.6740,374.9200,0.6526,81.7984
