network,ranks,path,wall (s),start-up and shutdown (s),"read, base case and case list (s)",apply and restore outage (s),solve (s),write table rows (s),other checks and reporting (s),waiting (s),merge files (s),start-up and shutdown (%),"read, base case and case list (%)",apply and restore outage (%),solve (%),write table rows (%),other checks and reporting (%),waiting (%),merge files (%)
MemphisCase2026_Mar7,8,Stock GridPACK,6.2150,0.5491,0.1361,0.2324,3.2811,1.6414,0.1718,0.1048,0.0985,8.8351,2.1891,3.7385,52.7924,26.4095,2.7643,1.6862,1.5849
MemphisCase2026_Mar7,8,Optimized CPU,4.3900,0.5349,0.1070,0.1816,3.0912,0.1992,0.1440,0.0537,0.0784,12.1845,2.4362,4.1367,70.4146,4.5387,3.2802,1.2232,1.7859
MemphisCase2026_Mar7,8,Alg 2,4.0150,1.1314,0.0632,0.0426,1.2673,0.1738,0.0205,1.2449,0.0713,28.1781,1.5741,1.0610,31.5641,4.3275,0.5106,31.0075,1.7771
MemphisCase2026_Mar7,8,cuDSS,4.3650,1.2617,0.0627,0.0430,1.2538,0.1741,0.0205,1.4743,0.0747,28.9049,1.4364,0.9863,28.7239,3.9897,0.4708,33.7755,1.7125
MemphisCase2026_Mar7,16,Stock GridPACK,4.6500,0.8321,0.1686,0.1551,2.1688,1.0103,0.1062,0.1180,0.0909,17.8935,3.6258,3.3355,46.6409,21.7269,2.2839,2.5387,1.9548
MemphisCase2026_Mar7,16,Optimized CPU,3.6700,0.8378,0.1445,0.1335,2.1656,0.1245,0.0888,0.1002,0.0751,22.8283,3.9373,3.6362,59.0095,3.3924,2.4210,2.7289,2.0463
MemphisCase2026_Mar7,16,Alg 2,3.8900,1.4059,0.1427,0.0308,0.8606,0.1176,0.0148,1.2357,0.0818,36.1414,3.6684,0.7931,22.1247,3.0231,0.3792,31.7674,2.1028
MemphisCase2026_Mar7,16,cuDSS,4.2600,1.5332,0.1429,0.0311,0.8846,0.1123,0.0142,1.4597,0.0821,35.9906,3.3545,0.7289,20.7653,2.6350,0.3333,34.2664,1.9261
MemphisCase2026_Mar7,20,Stock GridPACK,4.9600,1.2753,0.1844,0.1426,2.0522,0.9083,0.0953,0.1526,0.1494,25.7107,3.7167,2.8760,41.3740,18.3125,1.9204,3.0766,3.0131
MemphisCase2026_Mar7,20,Optimized CPU,3.7500,1.0474,0.1497,0.1235,2.0131,0.1107,0.0764,0.1366,0.0925,27.9307,3.9907,3.2947,53.6840,2.9520,2.0360,3.6440,2.4680
MemphisCase2026_Mar7,20,Alg 2,4.0750,1.6151,0.2078,0.0303,0.6895,0.1151,0.0160,1.2926,0.1086,39.6331,5.0994,0.7436,16.9215,2.8245,0.3926,31.7215,2.6638
MemphisCase2026_Mar7,20,cuDSS,4.8000,2.0350,0.1563,0.0303,0.6956,0.1157,0.0163,1.6104,0.1405,42.3958,3.2563,0.6313,14.4906,2.4094,0.3406,33.5490,2.9271
Wisconsin_1664,8,Stock GridPACK,12.7650,0.5498,0.1608,0.6596,5.7873,4.6554,0.4474,0.2502,0.2545,4.3071,1.2601,5.1673,45.3369,36.4696,3.5053,1.9597,1.9941
Wisconsin_1664,8,Optimized CPU,8.1850,0.5528,0.1380,0.5176,5.6820,0.5748,0.3823,0.1347,0.2028,6.7544,1.6860,6.3238,69.4197,7.0226,4.6701,1.6457,2.4777
Wisconsin_1664,8,Alg 2,3.4950,1.1425,0.0897,0.0682,0.1395,0.5028,0.0630,1.3293,0.1601,32.6896,2.5680,1.9514,3.9914,14.3848,1.8011,38.0329,4.5808
Wisconsin_1664,8,cuDSS,4.1500,1.3070,0.0903,0.0693,0.1381,0.5112,0.0632,1.8088,0.1619,31.4928,2.1771,1.6699,3.3289,12.3193,1.5241,43.5855,3.9024
Wisconsin_1664,16,Stock GridPACK,9.1400,0.8402,0.2413,0.4140,3.9947,2.9289,0.2966,0.1849,0.2394,9.1931,2.6400,4.5295,43.7051,32.0454,3.2451,2.0224,2.6193
Wisconsin_1664,16,Optimized CPU,6.3450,0.8625,0.2027,0.3588,3.9740,0.3671,0.2438,0.1468,0.1891,13.5934,3.1954,5.6548,62.6320,5.7864,3.8432,2.3136,2.9811
Wisconsin_1664,16,Alg 2,3.6150,1.4065,0.1972,0.0488,0.0907,0.3368,0.0454,1.3131,0.1767,38.9073,5.4550,1.3485,2.5090,9.3167,1.2545,36.3223,4.8866
Wisconsin_1664,16,cuDSS,4.3100,1.5448,0.1986,0.0496,0.0880,0.3385,0.0451,1.8652,0.1802,35.8422,4.6079,1.1508,2.0429,7.8527,1.0452,43.2773,4.1810
Wisconsin_1664,20,Stock GridPACK,9.3400,1.2111,0.2718,0.3776,3.7990,2.6727,0.2738,0.2848,0.4491,12.9673,2.9106,4.0423,40.6745,28.6162,2.9315,3.0487,4.8089
Wisconsin_1664,20,Optimized CPU,6.1100,1.0602,0.2159,0.3247,3.6355,0.3266,0.2146,0.1212,0.2112,17.3527,3.5344,5.3142,59.5008,5.3462,3.5123,1.9836,3.4558
Wisconsin_1664,20,Alg 2,3.9050,1.6786,0.2154,0.0458,0.0698,0.2892,0.0420,1.3243,0.2398,42.9872,5.5160,1.1741,1.7887,7.4059,1.0755,33.9117,6.1408
Wisconsin_1664,20,cuDSS,4.4800,1.7610,0.2135,0.0469,0.0716,0.2935,0.0441,1.8035,0.2459,39.3080,4.7645,1.0469,1.5993,6.5525,0.9833,40.2567,5.4888
Base_Florida_42GW,8,Stock GridPACK,191.0800,0.5744,0.4452,10.5678,97.8889,68.2918,6.9086,3.6555,2.7479,0.3006,0.2330,5.5306,51.2292,35.7399,3.6155,1.9131,1.4381
Base_Florida_42GW,8,Optimized CPU,131.0100,0.5356,0.5457,9.9136,99.5049,9.1476,5.9364,2.6499,2.7763,0.4089,0.4166,7.5670,75.9521,6.9824,4.5313,2.0227,2.1191
Base_Florida_42GW,8,Alg 2,20.6800,1.3366,0.3460,2.0017,0.2285,9.2154,2.2207,3.1694,2.1616,6.4632,1.6734,9.6796,1.1049,44.5617,10.7384,15.3259,10.4529
Base_Florida_42GW,8,cuDSS,20.5350,1.4473,0.3498,1.9286,0.2065,9.0663,2.1408,3.4446,1.9511,7.0482,1.7032,9.3918,1.0056,44.1507,10.4251,16.7740,9.5013
Base_Florida_42GW,16,Stock GridPACK,129.7200,0.7855,0.8751,6.6745,66.4829,42.9183,4.9072,3.1668,3.9097,0.6055,0.6746,5.1453,51.2511,33.0853,3.7829,2.4413,3.0140
Base_Florida_42GW,16,Optimized CPU,90.1350,0.7937,0.7269,6.6017,67.5174,5.8485,4.1989,1.9208,2.5271,0.8806,0.8065,7.3242,74.9070,6.4886,4.6584,2.1310,2.8037
Base_Florida_42GW,16,Alg 2,16.4900,1.5207,0.7112,1.3948,0.1355,6.3371,1.5593,2.9108,1.9205,9.2223,4.3129,8.4588,0.8217,38.4300,9.4560,17.6519,11.6465
Base_Florida_42GW,16,cuDSS,16.8800,1.6354,0.7111,1.3446,0.1298,6.2331,1.5079,3.2352,2.0830,9.6884,4.2127,7.9656,0.7687,36.9257,8.9331,19.1659,12.3400
Base_Florida_42GW,20,Stock GridPACK,120.8600,0.9693,0.9170,6.0575,61.0241,38.8907,4.5333,2.9830,5.4851,0.8020,0.7587,5.0120,50.4916,32.1783,3.7509,2.4681,4.5384
Base_Florida_42GW,20,Optimized CPU,80.2000,0.9721,0.7790,5.8178,59.5716,5.1084,3.6955,1.6622,2.5934,1.2121,0.9713,7.2541,74.2789,6.3696,4.6079,2.0726,3.2337
Base_Florida_42GW,20,Alg 2,16.0600,1.6800,0.7614,1.2732,0.1202,5.6275,1.4263,3.0221,2.1494,10.4608,4.7410,7.9278,0.7481,35.0405,8.8808,18.8172,13.3839
Base_Florida_42GW,20,cuDSS,16.4200,1.9173,0.7610,1.2213,0.1084,5.5688,1.3639,3.2872,2.1921,11.6763,4.6343,7.4382,0.6602,33.9150,8.3060,20.0198,13.3502
Texas7k_20210804,8,Stock GridPACK,212.4250,0.5365,0.6694,11.3748,114.7120,71.7514,6.7890,3.7761,2.8158,0.2526,0.3151,5.3548,54.0012,33.7773,3.1960,1.7776,1.3256
Texas7k_20210804,8,Optimized CPU,149.6900,0.5797,0.5702,10.9449,116.5427,9.7665,5.8972,2.4949,2.8939,0.3873,0.3809,7.3117,77.8560,6.5245,3.9396,1.6667,1.9333
Texas7k_20210804,8,Alg 2,23.9250,1.3402,0.3896,2.3563,0.4099,9.9011,2.6874,4.9493,1.8911,5.6015,1.6284,9.8489,1.7135,41.3841,11.2324,20.6869,7.9043
Texas7k_20210804,8,cuDSS,23.6000,1.5035,0.3868,2.2991,0.3664,9.8103,2.6537,4.6742,1.9059,6.3708,1.6390,9.7419,1.5528,41.5691,11.2445,19.8059,8.0761
Texas7k_20210804,16,Stock GridPACK,142.2000,0.7483,0.9146,7.1551,76.7226,44.5660,4.7722,3.0951,4.2260,0.5262,0.6432,5.0318,53.9540,31.3404,3.3560,2.1765,2.9719
Texas7k_20210804,16,Optimized CPU,101.0200,0.7829,0.7968,7.1486,77.6772,6.1929,4.0774,1.7303,2.6139,0.7750,0.7887,7.0764,76.8929,6.1304,4.0362,1.7128,2.5876
Texas7k_20210804,16,Alg 2,22.2800,1.4825,0.7670,1.5870,0.2597,6.7784,1.8333,7.5474,2.0246,6.6539,3.4425,7.1228,1.1658,30.4239,8.2287,33.8754,9.0868
Texas7k_20210804,16,cuDSS,21.8100,1.6673,0.7708,1.5218,0.2245,6.6588,1.7644,6.4203,2.7821,7.6444,3.5339,6.9775,1.0296,30.5309,8.0901,29.4372,12.7563
Texas7k_20210804,20,Stock GridPACK,132.5250,0.9226,0.9913,6.5039,70.5586,40.2405,4.4156,3.0317,5.8607,0.6962,0.7480,4.9077,53.2417,30.3645,3.3319,2.2876,4.4223
Texas7k_20210804,20,Optimized CPU,89.9450,0.9459,0.8978,6.3094,68.4844,5.3723,3.6112,1.5865,2.7375,1.0517,0.9982,7.0147,76.1404,5.9729,4.0148,1.7639,3.0435
Texas7k_20210804,20,Alg 2,22.9150,1.7523,0.8265,1.4446,0.2478,6.0506,1.6798,8.4501,2.4634,7.6470,3.6068,6.3039,1.0814,26.4045,7.3306,36.8756,10.7502
Texas7k_20210804,20,cuDSS,21.6050,1.9059,0.8159,1.3843,0.1923,5.9142,1.5921,7.4009,2.3994,8.8216,3.7767,6.4073,0.8903,27.3740,7.3694,34.2553,11.1055
ACTIVSg10k,8,Stock GridPACK,491.6200,0.4973,1.0308,30.0802,282.7939,147.8992,14.1848,9.6698,5.4640,0.1012,0.2097,6.1186,57.5229,30.0841,2.8853,1.9669,1.1114
ACTIVSg10k,8,Optimized CPU,364.0000,0.6532,0.6512,30.0428,287.6320,20.0885,12.4248,6.3119,6.1955,0.1795,0.1789,8.2535,79.0198,5.5188,3.4134,1.7340,1.7021
ACTIVSg10k,8,Alg 2,48.0150,1.4499,0.5895,7.9543,1.1438,20.8747,6.2542,6.0241,3.7245,3.0197,1.2276,16.5664,2.3822,43.4754,13.0255,12.5464,7.7568
ACTIVSg10k,8,cuDSS,48.5050,1.6086,0.5912,7.6417,1.0682,21.0220,6.2697,6.6844,3.6193,3.3163,1.2189,15.7544,2.2022,43.3398,12.9259,13.7808,7.4617
ACTIVSg10k,16,Stock GridPACK,318.1650,0.7025,1.3943,18.6932,181.5635,91.0850,9.5938,6.3107,8.8220,0.2208,0.4382,5.8753,57.0658,28.6282,3.0153,1.9835,2.7728
ACTIVSg10k,16,Optimized CPU,238.1550,0.7612,1.1605,19.4018,185.9055,12.4967,8.4457,4.6925,5.2912,0.3196,0.4873,8.1467,78.0607,5.2473,3.5463,1.9704,2.2217
ACTIVSg10k,16,Alg 2,34.9950,1.4698,1.1355,5.0248,0.7560,13.8223,4.0272,4.8991,3.8602,4.2002,3.2447,14.3585,2.1605,39.4979,11.5079,13.9994,11.0309
ACTIVSg10k,16,cuDSS,35.6350,1.6497,1.1321,4.9599,0.7951,13.9844,4.0940,5.1364,3.8835,4.6293,3.1769,13.9186,2.2312,39.2434,11.4886,14.4138,10.8981
ACTIVSg10k,20,Stock GridPACK,291.7250,0.8526,1.5060,16.9674,164.6763,82.3945,8.7599,6.5326,10.0356,0.2923,0.5163,5.8162,56.4492,28.2439,3.0028,2.2393,3.4401
ACTIVSg10k,20,Optimized CPU,210.4800,0.9867,1.2515,17.0573,163.0077,10.8480,7.3895,4.2761,5.6631,0.4688,0.5946,8.1040,77.4457,5.1539,3.5108,2.0316,2.6905
ACTIVSg10k,20,Alg 2,33.3250,1.7733,1.2717,4.6990,0.6049,12.4134,3.6723,4.3466,4.5438,5.3211,3.8162,14.1007,1.8152,37.2495,11.0195,13.0431,13.6348
ACTIVSg10k,20,cuDSS,36.4100,1.9168,1.2213,4.6213,0.7027,12.6526,3.7434,7.0770,4.4748,5.2645,3.3544,12.6924,1.9301,34.7503,10.2812,19.4370,12.2900
Base_MIOHIN_76GW,8,Stock GridPACK,719.1750,0.3252,1.5526,39.4874,395.7876,235.4816,25.1202,11.9143,9.5061,0.0452,0.2159,5.4907,55.0336,32.7433,3.4929,1.6567,1.3218
Base_MIOHIN_76GW,8,Optimized CPU,522.1150,0.3818,1.3152,39.5428,405.6406,33.7739,21.9771,8.7950,10.6885,0.0731,0.2519,7.5736,77.6918,6.4687,4.2092,1.6845,2.0472
Base_MIOHIN_76GW,8,Alg 2,80.1550,1.5162,0.6825,9.6126,0.2310,38.6951,11.8990,10.1938,7.3248,1.8915,0.8514,11.9925,0.2882,48.2753,14.8451,12.7177,9.1384
Base_MIOHIN_76GW,8,cuDSS,72.3800,1.6710,0.6851,8.5997,0.1726,35.7498,10.3545,8.3238,6.8235,2.3087,0.9466,11.8813,0.2385,49.3918,14.3058,11.5001,9.4273
Base_MIOHIN_76GW,16,Stock GridPACK,473.9950,0.6533,1.5597,24.7447,258.2264,146.5012,17.3367,9.7065,15.2667,0.1378,0.3291,5.2204,54.4787,30.9078,3.6576,2.0478,3.2208
Base_MIOHIN_76GW,16,Optimized CPU,341.1800,0.7046,1.4021,25.5549,262.1415,20.7296,14.8860,6.5879,9.1736,0.2065,0.4110,7.4901,76.8338,6.0759,4.3631,1.9309,2.6888
Base_MIOHIN_76GW,16,Alg 2,66.5550,1.5817,1.3643,6.2057,0.1481,26.8927,8.4481,8.2409,13.6737,2.3765,2.0498,9.3242,0.2224,40.4067,12.6934,12.3821,20.5449
Base_MIOHIN_76GW,16,cuDSS,55.1000,1.7134,1.3331,5.3613,0.1288,24.0357,7.0831,6.8320,8.6128,3.1095,2.4193,9.7300,0.2338,43.6220,12.8549,12.3992,15.6313
Base_MIOHIN_76GW,20,Stock GridPACK,442.0800,0.8123,1.8004,22.6244,237.9004,133.7443,16.0414,10.1580,18.9986,0.1837,0.4073,5.1177,53.8139,30.2534,3.6286,2.2978,4.2976
Base_MIOHIN_76GW,20,Optimized CPU,304.6300,0.9091,1.4830,22.4676,232.3477,18.1732,13.2038,6.6750,9.3704,0.2984,0.4868,7.3754,76.2721,5.9657,4.3344,2.1912,3.0760
Base_MIOHIN_76GW,20,Alg 2,61.8000,1.8514,1.4984,5.7094,0.1195,24.8407,7.9238,8.2615,11.5953,2.9959,2.4246,9.2385,0.1933,40.1953,12.8216,13.3682,18.7626
Base_MIOHIN_76GW,20,cuDSS,54.4350,2.2031,1.4709,4.8855,0.1053,21.7878,6.4802,7.0566,10.4456,4.0471,2.7022,8.9749,0.1935,40.0254,11.9044,12.9634,19.1891
private network,8,Optimized CPU,5071.9800,0.8268,3.7577,294.1625,4345.7005,163.1697,119.6817,51.5395,93.1416,0.0163,0.0741,5.7998,85.6806,3.2171,2.3597,1.0162,1.8364
private network,8,Alg 2,560.6100,1.8930,3.8479,142.8332,16.8198,158.6468,65.1411,47.6328,123.7954,0.3377,0.6864,25.4782,3.0003,28.2990,11.6197,8.4966,22.0823
private network,8,cuDSS,574.5200,2.3971,3.8865,131.3446,18.1938,171.2111,70.5689,53.9323,122.9857,0.4172,0.6765,22.8616,3.1668,29.8007,12.2831,9.3874,21.4067
private network,16,Optimized CPU,3113.5800,0.0593,6.5692,168.2189,2647.1016,96.7831,73.3576,36.5412,84.9491,0.0019,0.2110,5.4027,85.0179,3.1084,2.3561,1.1736,2.7283
private network,16,Alg 2,377.3800,1.2456,6.3839,91.9797,10.1686,96.9716,32.8943,34.4254,103.3109,0.3301,1.6916,24.3732,2.6945,25.6960,8.7165,9.1222,27.3758
private network,16,cuDSS,387.2500,1.6037,6.4011,75.6375,12.1450,112.5491,39.6641,32.1676,107.0819,0.4141,1.6530,19.5320,3.1362,29.0637,10.2425,8.3067,27.6519
private network,20,Optimized CPU,2711.8000,0.1935,6.8423,143.1551,2302.4729,83.4536,63.1852,31.3261,81.1713,0.0071,0.2523,5.2790,84.9057,3.0774,2.3300,1.1552,2.9933
private network,20,Alg 2,342.7900,1.4482,6.8686,82.3038,8.0875,83.1726,28.3281,32.2802,100.3010,0.4225,2.0037,24.0100,2.3593,24.2634,8.2640,9.4169,29.2602
private network,20,cuDSS,374.9200,1.7149,7.1379,67.7010,10.4540,100.2255,35.1320,54.3646,98.1901,0.4574,1.9038,18.0575,2.7883,26.7325,9.3705,14.5003,26.1896
