network,path,optimized CPU violations,path violations,in both,only optimized CPU,only this path,same severity (% of both)
MemphisCase2026_Mar7,Stock GridPACK,341,324,324,17,0,100.0000
MemphisCase2026_Mar7,Alg 2,341,341,341,0,0,100.0000
MemphisCase2026_Mar7,cuDSS,341,476,341,0,135,95.0147
Wisconsin_1664,Stock GridPACK,5950,5950,5950,0,0,100.0000
Wisconsin_1664,Alg 2,5950,5950,5950,0,0,100.0000
Wisconsin_1664,cuDSS,5950,5950,5950,0,0,100.0000
Base_Florida_42GW,Stock GridPACK,398,398,398,0,0,100.0000
Base_Florida_42GW,Alg 2,398,398,398,0,0,100.0000
Base_Florida_42GW,cuDSS,398,398,398,0,0,100.0000
Texas7k_20210804,Stock GridPACK,17647,17647,17647,0,0,100.0000
Texas7k_20210804,Alg 2,17647,17647,17647,0,0,100.0000
Texas7k_20210804,cuDSS,17647,17647,17647,0,0,100.0000
ACTIVSg10k,Stock GridPACK,325,325,325,0,0,100.0000
ACTIVSg10k,Alg 2,325,325,325,0,0,100.0000
ACTIVSg10k,cuDSS,325,325,325,0,0,100.0000
Base_MIOHIN_76GW,Stock GridPACK,136734,136734,136734,0,0,100.0000
Base_MIOHIN_76GW,Alg 2,136734,136734,136734,0,0,100.0000
Base_MIOHIN_76GW,cuDSS,136734,136734,136734,0,0,100.0000
private network,Alg 2,4618282,4618282,4618282,0,0,100.0000
private network,cuDSS,4618282,4618282,4618282,0,0,100.0000
