network,ranks,path,runs,busy runs,wall (s),spread between runs (%),speedup vs stock,speedup vs optimized CPU
MemphisCase2026_Mar7,8,Stock GridPACK,2,0,6.2150,4.9879,1.0000,0.7064
MemphisCase2026_Mar7,8,Optimized CPU,2,0,4.3900,0.9112,1.4157,1.0000
MemphisCase2026_Mar7,8,Alg 2,2,0,4.0150,0.7472,1.5479,1.0934
MemphisCase2026_Mar7,8,cuDSS,2,0,4.3650,0.2291,1.4238,1.0057
MemphisCase2026_Mar7,16,Stock GridPACK,2,0,4.6500,1.7204,1.0000,0.7892
MemphisCase2026_Mar7,16,Optimized CPU,2,0,3.6700,0.5450,1.2670,1.0000
MemphisCase2026_Mar7,16,Alg 2,2,0,3.8900,1.5424,1.1954,0.9434
MemphisCase2026_Mar7,16,cuDSS,2,0,4.2600,2.8169,1.0915,0.8615
MemphisCase2026_Mar7,20,Stock GridPACK,2,0,4.9600,13.3065,1.0000,0.7560
MemphisCase2026_Mar7,20,Optimized CPU,2,0,3.7500,1.0667,1.3227,1.0000
MemphisCase2026_Mar7,20,Alg 2,2,0,4.0750,0.2454,1.2172,0.9202
MemphisCase2026_Mar7,20,cuDSS,2,0,4.8000,8.7500,1.0333,0.7812
Wisconsin_1664,8,Stock GridPACK,2,0,12.7650,2.7419,1.0000,0.6412
Wisconsin_1664,8,Optimized CPU,2,0,8.1850,2.3213,1.5596,1.0000
Wisconsin_1664,8,Alg 2,2,0,3.4950,0.8584,3.6524,2.3419
Wisconsin_1664,8,cuDSS,2,0,4.1500,0.4819,3.0759,1.9723
Wisconsin_1664,16,Stock GridPACK,2,0,9.1400,0.4376,1.0000,0.6942
Wisconsin_1664,16,Optimized CPU,2,0,6.3450,2.0489,1.4405,1.0000
Wisconsin_1664,16,Alg 2,2,0,3.6150,3.5961,2.5284,1.7552
Wisconsin_1664,16,cuDSS,2,0,4.3100,4.6404,2.1206,1.4722
Wisconsin_1664,20,Stock GridPACK,2,0,9.3400,4.7109,1.0000,0.6542
Wisconsin_1664,20,Optimized CPU,2,0,6.1100,0.6547,1.5286,1.0000
Wisconsin_1664,20,Alg 2,2,0,3.9050,0.7682,2.3918,1.5647
Wisconsin_1664,20,cuDSS,2,0,4.4800,1.7857,2.0848,1.3638
Base_Florida_42GW,8,Stock GridPACK,2,0,191.0800,0.0419,1.0000,0.6856
Base_Florida_42GW,8,Optimized CPU,2,0,131.0100,1.7709,1.4585,1.0000
Base_Florida_42GW,8,Alg 2,2,0,20.6800,0.0967,9.2398,6.3351
Base_Florida_42GW,8,cuDSS,2,0,20.5350,1.8018,9.3051,6.3798
Base_Florida_42GW,16,Stock GridPACK,2,0,129.7200,1.6651,1.0000,0.6948
Base_Florida_42GW,16,Optimized CPU,2,0,90.1350,0.4327,1.4392,1.0000
Base_Florida_42GW,16,Alg 2,2,0,16.4900,1.0916,7.8666,5.4660
Base_Florida_42GW,16,cuDSS,2,0,16.8800,3.1991,7.6848,5.3398
Base_Florida_42GW,20,Stock GridPACK,2,0,120.8600,0.7281,1.0000,0.6636
Base_Florida_42GW,20,Optimized CPU,2,0,80.2000,0.1496,1.5070,1.0000
Base_Florida_42GW,20,Alg 2,2,0,16.0600,0.1245,7.5255,4.9938
Base_Florida_42GW,20,cuDSS,2,0,16.4200,1.3398,7.3605,4.8843
Texas7k_20210804,8,Stock GridPACK,2,0,212.4250,0.2024,1.0000,0.7047
Texas7k_20210804,8,Optimized CPU,2,0,149.6900,0.5077,1.4191,1.0000
Texas7k_20210804,8,Alg 2,2,0,23.9250,1.6301,8.8788,6.2566
Texas7k_20210804,8,cuDSS,2,0,23.6000,0.1695,9.0011,6.3428
Texas7k_20210804,16,Stock GridPACK,2,0,142.2000,1.1252,1.0000,0.7104
Texas7k_20210804,16,Optimized CPU,2,0,101.0200,0.3762,1.4076,1.0000
Texas7k_20210804,16,Alg 2,2,0,22.2800,1.7953,6.3824,4.5341
Texas7k_20210804,16,cuDSS,2,0,21.8100,5.0436,6.5199,4.6318
Texas7k_20210804,20,Stock GridPACK,2,0,132.5250,0.4452,1.0000,0.6787
Texas7k_20210804,20,Optimized CPU,2,0,89.9450,0.1890,1.4734,1.0000
Texas7k_20210804,20,Alg 2,2,0,22.9150,2.5747,5.7833,3.9252
Texas7k_20210804,20,cuDSS,2,0,21.6050,0.6017,6.1340,4.1632
ACTIVSg10k,8,Stock GridPACK,2,0,491.6200,0.8340,1.0000,0.7404
ACTIVSg10k,8,Optimized CPU,2,0,364.0000,0.6648,1.3506,1.0000
ACTIVSg10k,8,Alg 2,2,0,48.0150,3.3115,10.2389,7.5810
ACTIVSg10k,8,cuDSS,2,0,48.5050,0.9690,10.1354,7.5044
ACTIVSg10k,16,Stock GridPACK,2,0,318.1650,0.8769,1.0000,0.7485
ACTIVSg10k,16,Optimized CPU,2,0,238.1550,0.1974,1.3360,1.0000
ACTIVSg10k,16,Alg 2,2,0,34.9950,1.7431,9.0917,6.8054
ACTIVSg10k,16,cuDSS,2,0,35.6350,1.3751,8.9284,6.6832
ACTIVSg10k,20,Stock GridPACK,2,0,291.7250,0.1543,1.0000,0.7215
ACTIVSg10k,20,Optimized CPU,2,0,210.4800,0.8647,1.3860,1.0000
ACTIVSg10k,20,Alg 2,2,0,33.3250,1.1703,8.7539,6.3160
ACTIVSg10k,20,cuDSS,2,0,36.4100,6.2071,8.0122,5.7808
Base_MIOHIN_76GW,8,Stock GridPACK,2,0,719.1750,0.0542,1.0000,0.7260
Base_MIOHIN_76GW,8,Optimized CPU,2,0,522.1150,1.8138,1.3774,1.0000
Base_MIOHIN_76GW,8,Alg 2,2,0,80.1550,2.0336,8.9723,6.5138
Base_MIOHIN_76GW,8,cuDSS,2,0,72.3800,1.5474,9.9361,7.2135
Base_MIOHIN_76GW,16,Stock GridPACK,2,0,473.9950,0.1329,1.0000,0.7198
Base_MIOHIN_76GW,16,Optimized CPU,2,0,341.1800,0.5921,1.3893,1.0000
Base_MIOHIN_76GW,16,Alg 2,2,0,66.5550,3.3206,7.1219,5.1263
Base_MIOHIN_76GW,16,cuDSS,2,0,55.1000,4.7913,8.6025,6.1920
Base_MIOHIN_76GW,20,Stock GridPACK,2,0,442.0800,0.2533,1.0000,0.6891
Base_MIOHIN_76GW,20,Optimized CPU,2,0,304.6300,0.1576,1.4512,1.0000
Base_MIOHIN_76GW,20,Alg 2,2,0,61.8000,12.3948,7.1534,4.9293
Base_MIOHIN_76GW,20,cuDSS,2,0,54.4350,3.5823,8.1212,5.5962
private network,8,Optimized CPU,1,0,5071.9800,,,1.0000
private network,8,Alg 2,1,0,560.6100,,,9.0473
private network,8,cuDSS,1,0,574.5200,,,8.8282
private network,16,Optimized CPU,1,0,3113.5800,,,1.0000
private network,16,Alg 2,1,0,377.3800,,,8.2505
private network,16,cuDSS,1,0,387.2500,,,8.0402
private network,20,Optimized CPU,1,0,2711.8000,,,1.0000
private network,20,Alg 2,1,0,342.7900,,,7.9110
private network,20,cuDSS,1,0,374.9200,,,7.2330
